windows-forms,winforms
c-sharp,c#
hg,mercurial
dotnet,.net
threading,multithreading
multithread,multithreading
rails,ruby-on-rails
ruby,ruby-on-rails
js,javascript
vc++,visual-c++
source-control,version-control
blog,blogs
ui,user-interface
vs2008,visual-studio-2008
vs2005,visual-studio-2005
vs2010,visual-studio-2010
primary-keys,primary-key
foreign-key,foreign-keys
postgres,postgresql
macosx,osx
j2me,java-me
ie,internet-explorer
msie,internet-explorer
applets,applet
ejb-3,ejb-3.0
glassfish-v3,glassfish-3
java-5.0,java-5
java-6.0,java-6
java-7.0,java-7
jee,java-ee
jee-5,java-ee-5
jee-6,java-ee-6
java.io,java-io
jpa-2,jpa-2.0
jsf2.0,jsf-2
jsp-tag,jsp-tags
jsp-tag-files,jsp-tags
jsp-fragment,jsp-fragments
jsp-f,jsp-fragments
jspf,jsp-fragments
servlet,servlets
servlet-filter,servlet-filters
tomcat-5,tomcat-5.0
tomcat-6,tomcat-6.0
weblogic-8,weblogic-8.x
weblogic-8.1,weblogic-8.x
weblogic-10,weblogic-10.x
weblogic10.x,weblogic-10.x
weblogic-11,weblogic-11g
eclipse-ganymede,eclipse-3.4
eclipse-galileo,eclipse-3.5
eclipse-helios,eclipse-3.6
msvc++,visual-c++
msvc,visual-c++
team-system,visual-studio-team-system
visual-web,visual-web-developer
algorithms,algorithm
ai,artificial-intelligence
astar,a-star
baseclasses,base-class
batch-process,batch-processing
bit-field,bit-fields
code-snippet,code-snippets
snippets,code-snippets
snippet,code-snippets
code-style,coding-style
programming-style,coding-style
xsrf,csrf
dal,data-access-layer
di,dependency-injection
discussions,discussion
discuss,discussion
conversation,discussion
conversations,discussion
ddd,domain-driven-design
drag-drop,drag-and-drop
dont-repeat-yourself,dry
daylight-savings,dst
daylight-savings-time,dst
daylight,dst
duplicate,duplicates
fix-protocol,fix
font,fonts
fractal,fractals
programming-history,history
icon,icons
if,if-statement
inheritence,inheritance
i18n,internationalization
ioc,inversion-of-control
interprocess-communicatio,ipc
key-binding,key-bindings
licence,licensing
licences,licensing
licence-agreement,licensing
licence-agreements,licensing
license,licensing
licenses,licensing
license-agreement,licensing
license-agreements,licensing
l10n,localization
liskov-substitution,lsp
liskov-substitution-prin,lsp
liskov-substitution-princ,lsp
mac-addr,mac-address
marshaling,marshalling
marshal,marshalling
method-chains,method-chaining
method-chain,method-chaining
operator,operator-keyword
plugin,plugins
regexp,regex
regular-expression,regex
regular-expressions,regex
single-responsibility,srp
single-responsibility-pri,srp
template,templates
ux,user-experience
units-of-measure,units-of-measurement
units,units-of-measurement
windows-api,winapi
asp-net,asp.net
asp-net-mvc,asp.net-mvc
asp-net-mvc2,asp.net-mvc-2
asp.net-mvc2,asp.net-mvc-2
mvc2,asp.net-mvc-2
c#.net,c#
ef,entity-framework
ef4,entity-framework-4
window-form,winforms
windows-form,winforms
window-forms,winforms
windows-form-designer,windows-forms-designer
app.config,app-config
bdb,berkeley-db
bdbje,berkeley-db-je
clustered-indexing,clustered-index
cte,common-table-expression
multiple-primary-keys,composite-primary-key
databases,database
data-warehousing,data-warehouse
embedded-db,embedded-database
oracle10g-express,oracle-xe
oracle-express,oracle-xe
mssql,sql-server
sql-express,sql-server-express
sql-compact,sql-server-ce
sql-server-compact,sql-server-ce
sql-mobile,sql-server-ce
stored-procedure,stored-procedures
sproc,stored-procedures
subqueries,subquery
os,operating-system
operating-systems,operating-system
macos10.6,osx-snow-leopard
snow-leopard,osx-snow-leopard
wince,windows-ce
win2k3,windows-server-2003
server-2003,windows-server-2003
win2k8,windows-server-2008
vista,windows-vista
winxp,windows-xp
win7,windows-7
windows-7-api,windows-7
team-foundation-server,tfs
team-foundation,tfs
team-foundation-build,tfsbuild
revision-control,version-control
scm,version-control
source-code-management,version-control
vss,visual-sourcesafe
as3,actionscript-3
adobe-flex,flex
adobe-flex-2,flex-2
golang,go
go-language,go
chrome,google-chrome
ie6,internet-explorer-6
ie7,internet-explorer-7
ie8,internet-explorer-8
ie9,internet-explorer-9
weblogic-9,weblogic-9.x
timezones,timezone
timezoneinfo,timezone
web.config,web-config
transact-sql,tsql
chrome-os,google-chrome-os
.hgignore,hgignore
multi-threaded,multithreading
h264,h.264
msil,cil
aws,amazon-web-services
redemption,outlook-redemption
vs2008sp1,visual-studio-2008-sp1
ios-4.0,ios4
google-maps-v3,google-maps-api-3
android-mobile,android
google-maps-api,google-maps
python-2,python-2.x
wf,workflow-foundation
subversion,svn
wf-4,workflow-foundation-4
rstats,r
windows-sidebar,windows-desktop-gadgets
server-2008,windows-server-2008
vs.net,visual-studio
socket,sockets
socket-programming,sockets
my-sql,mysql
restful,rest
microsoft-office,ms-office
.net4,.net-4.0
asp.mvc,asp.net-mvc
winform,winforms
ce,windows-ce
fourier-transform,fft
objc,objective-c
accessviolationexception,access-violation
stlstring,stdstring
macro,macros
array,arrays
event,events
variable,variables
loop,loops
method,methods
pointer,pointers
password,passwords
namespace,namespaces
tag,tags
parameter,parameters
delegate,delegates
resource,resources
collection,collections
number,numbers
transaction,transactions
protocol,protocols
theme,themes
notification,notifications
container,containers
warning,warnings
tool,tools
filename,filenames
tutorial,tutorials
permission,permissions
annotation,annotations
web-service,web-services
web-application,web-applications
memory-leak,memory-leaks
custom-control,custom-controls
crystal-report,crystal-reports
windows-service,windows-services
data-structure,data-structures
connectionstrings,connection-string
orderby,sql-order-by
mime-type,mime-types
sbrm,raii
dict,dictionary
reporting-service,reporting-services
javascript-event,javascript-events
javascriptobject,javascript-objects
cascading-style-sheet,css
windows-scripting-host,wsh
ms-excel,excel
microsoft-office-outlook,outlook
microsoft-word,ms-word
searching,search
question,questions
visualisation,visualization
images,image
disks,disk
behaviors,behavior
behaviour,behavior
behaviours,behavior
nullable-types,nullable
visual-c++-6,vc6
http-status-code,http-status-codes
struts-2,struts2
pthread,pthreads
laziness,lazy-evaluation
lazy,lazy-evaluation
netbeans-plugin,netbeans-plugins
parser,parsing
parsers,parsing
parse,parsing
testdrivendevelopment,tdd
roo,spring-roo
fsharp,f#
wf4.0,workflow-foundation-4
intellij,intellij-idea
unit-test,unit-testing
scripts,scripting
htaccess,.htaccess
regexes,regex
wp7,windows-phone-7
zf,zend-framework
os-development,osdev
jquery-plugin,jquery-plugins
object-oriented-design,oop
threads,multithreading
looping,loops
vista-gadget,windows-desktop-gadgets
vista-sidebar,windows-desktop-gadgets
firefox-extension,firefox-addon
closure,closures
ooxml,openxml
mspowerpoint,powerpoint
microsoft-powerpoint,powerpoint
ppt,powerpoint
pptx,powerpoint
microsoft-office-onenote,onenote
support-vector-machines,svm
perltidy,perl-tidy
perlcritic,perl-critic
quicktest-pro,qtp
django-formsets,django-forms
django-modelforms,django-forms
django-modelformsets,django-forms
django-queries,django-queryset
mscrm,dynamics-crm
microsoft-dynamics-crm,dynamics-crm
adobe-flash,flash
ungreedy,non-greedy
ttf,true-type-fonts
rst,restructuredtext
ms-sql-server,sql-server
sql2000,sql-server-2000
sql2005,sql-server-2005
mssql2005,sql-server-2005
sql2008,sql-server-2008
msie8,internet-explorer-8
question-colon,conditional-operator
dot-net,.net
coverage,code-coverage
anonymous-functions,anonymous-function
webspiders,web-crawler
web-spider,web-crawler
conversions,conversion
fourier,fft
moss-2007,sharepoint-2007
intents,android-intent
object-relational-mapping,orm
myphpadmin,phpmyadmin
rx,system.reactive
iobservable,system.reactive
iobserver,system.reactive
code-challenge,challenge
sort,sorting
ecmascript,javascript
python-3,python-3.x
py3k,python-3.x
python3k,python-3.x
recursive,recursion
branches,branch
branching,branch
ec2,amazon-ec2
s3,amazon-s3
sqs,amazon-sqs
simpledb,amazon-simpledb
windows-azure,azure
azure-tables,azure-storage-tables
cloud-computing,cloud
breadcrumb,breadcrumbs
ms-velocity,appfabric
swing-worker,swingworker
netriaservices,wcf-ria-services
phpdocumentor,phpdoc
css-layout,css
entlib,enterprise-library
windows-powershell,powershell
algorithm-design,algorithm
mathematics,math
ssrs,reporting-services
ssrs-2005,reportingservices-2005
reportingservices-2008,ssrs-2008
sql-reporting-services,reporting-services
tif,tiff
cc.net,cruisecontrol.net
enum,enums
crystal,crystal-reports
emacs-lisp,elisp
browser-sniffing,browser-detection
quality-assurance,qa
refactor,refactoring
jboss-netty,netty
lightswitch,visual-studio-lightswitch
microsoft-lightswitch,visual-studio-lightswitch
vb-to-vb.net,vb6-migration
vb6-conversion,vb6-migration
vs-lightswitch,visual-studio-lightswitch
adobe-flex-3,flex3
apache-ant,ant
visual-basic-applications,vba
.ini,ini
.ajax,ajax
.avi,avi
restful-web-services,rest
vcs,version-control
graphs,graph
us-ascii,ascii
deadline,deadlines
code-smells,code-smell
google-nacl,google-nativeclient
nativeclient,google-nativeclient
permutations,permutation
windows-batch,batch-file
thread,multithreading
humor,fun
humour,fun
authorisation,authorization
globalisation,globalization
optimisation,optimization
localisation,localization
localize,localization
optimize,optimization
initialisation,initialization
initialize,initialization
deprecation,deprecated
gae,google-app-engine
framework,frameworks
g11n,globalization
t9n,translation
fulltext-searching,full-text-search
.csv,csv
.dll,dll
include-files,include
includes,include
shards,sharding
tab,tabs
browsers,browser
exceptions,exception
maths,math
domains,dns
career,career-development
career-advice,career-development
vbs,vbscript
peer-to-peer,p2p
open-source-projects,open-source
open-source-contribution,open-source
.js,javascript
jsdebug,javascript-debugger
construct,construction
ctor,constructor
ctrl-c,copy-paste
ctrl-v,copy-paste
delay-loading,delay-load
delayed,delay
strongly-typed-datasets,strongly-typed-dataset
strong-name,strongname
strong-naming,strongname
custom-data-generator,data-generation
data-generators,data-generation
linq2nhibernate,linq-to-nhibernate
linq-entity-framework,entity-framework
dlinq,dynamic-linq
email-attachment,email-attachments
sql-to-linq,linq-to-sql
linq-to-object,linq-to-objects
garnet-os,palm-os
object-oriented,oop
wizards,wizard
spring-dm,springsource-dm-server
event-handler,event-handling
event-handlers,event-handling
acegi,spring-security
iphone-sdk,iphone
portable,portability
pgsql,postgresql
form,forms
iphone-os-4,ios4
iphone-os-4.0,ios4
iphone-os,ios
phone-numbers,phone-number
constructors,constructor
bitwise-operations,bitwise-operators
jquery-selector,jquery-selectors
backus-naur-form,bnf
primitives,primitive
hooking,hook
hooks,hook
yii-framework,yii
db,database
dcvs,dvcs
patches,patch
matrices,matrix
wwf,workflow-foundation
expression-engine,expressionengine
natural-language-process,nlp
natural-language,nlp
apache-derby,derby
jars,jar
immutable,immutability
llblgen,llblgenpro
callbacks,callback
lists,list
weld,jboss-weld
bzr,bazaar
vc9,visual-c++-2008
vb-classic,vb6
blogging,blogs
scraping,screen-scraping
keyboards,keyboard
codepage,codepages
spring-framework,spring
portlets,portlet
raphael-js,raphael
overload,overloading
subprocesses,subprocess
hsql,hsqldb
atomic-compare-and-swap,compare-and-swap
atomic-swap,compare-and-swap
sessions,session
use-cases,use-case
modules,module
python-modules,python-module
digital-signal-processing,signal-processing
machine-vision,computer-vision
x-window-system,x11
scc,version-control
source-code-control,version-control
sccs,version-control
gc,garbage-collection
windsor,castle-windsor
pos,point-of-sale
salesforce.com,salesforce
google-collections,guava
secure,security
fpc,freepascal
htmlhelp,chm
facebook-api,facebook
functions,function
jws,java-web-start
linking,linker
bash-script,bash
pci-compliance,pci-dss
makefiles,makefile
adobe-stratus,stratus
windows-identity-foundati,wif
mvc,model-view-controller
job,jobs
agile-development,agile
cookie,cookies
dotnetopenid,dotnetopenauth
async,asynchronous
myth-busting,myths
printer,printing
print,printing
network,networking
plotting,plot
mvc.net,asp.net-mvc
tcpip,tcp
compilers,compiler-construction
attribute,attributes
bug-reports,bug-reporting
buttons,button
browser-back-button,back-button
bytes,byte
feature,features
binary-trees,binary-tree
cryptographic,cryptography
c#-language,c#
vulnerability,security
vulnerabilities,security
wordpress-themes,wordpress-theming
jdbc-driver,jdbc
pointer-math,pointer-arithmetic
pointer-to-function,function-pointers
smart-pointer,smart-pointers
apache-cassandra,cassandra
javadocs,javadoc
non-determinism,non-deterministic
tpl,task-parallel-library
webapps,web-applications
webapp,web-applications
11g,oracle11g
college,university
webflow,spring-webflow
webflow2,spring-webflow-2
dlls,dll
visual-studio-2010-rtm,visual-studio-2010
ejb2,ejb-2.x
xsl,xslt
delphi-2011,delphi-xe
technique,techniques
dynamics-ax,axapta
microsoft-dynamics-ax,axapta
perl-xs,xs
protobuf,protocol-buffers
asm,assembly
adobe-air,air
flash-builder,flexbuilder
gwt-uibinder,uibinder
boost-bjam,bjam
levenstein,levenshtein-distance
image-maps,imagemap
mbean,jmx
reactive-extensions,system.reactive
autoloading,autoload
color,colors
levenshtein,levenshtein-distance
coldfusion-mx,coldfusion-6
uml-modelling,uml
aptana-studio,aptana
classes,class
wm5,windows-mobile-5.0
cross-site-scripting,xss
deploy,deployment
aws-s3,amazon-s3
type,types
iterators,iterator
interfaces,interface
lock,locking
input-output,io
inputs,input
javascript-execution,javascript
semantic-meaning,semantics
p4,perforce
analysis-services,ssas
iphone-development,iphone
interoperability,interop
duby,mirah
social-network,social-networking
timers,timer
python-nose,nose
nosetests,nose
dijit,dojo
dojox,dojo
concatenate,concatenation
accent,diacritics
symbolic-link,symlink
mockup,mockups
add-ins,add-in
addons,add-on
namespacing,namespaces
credential,credentials
credit-cards,credit-card
session-cookie,session-cookies
passing-by-reference,pass-by-reference
managers,manager
batch-files,batch-file
archetype,archetypes
archives,archive
archiving,archive
profilers,profiler
iphone-sdk-3,iphone-sdk-3.0
dynamic-array,dynamic-arrays
dynamicbinding,dynamic-binding
auto-generation,auto-generate
auto-generated,auto-generate
code-generator,code-generation
documentation-generator,documentation-generation
asp.net-mvc-controllers,asp.net-mvc-controller
compositecontrol,composite-controls
condition-variables,condition-variable
global-variable,global-variables
local-variable,local-variables
ado-net-dataservices,wcf-data-services
ado-net-data-services,wcf-data-services
autocompletion,autocomplete
benchmark,benchmarking
benchmarks,benchmarking
circular-references,circular-reference
rs232,serial-port
self-learning,self-improvement
preprocessing,com.ufu
preprocess,com.ufu
com.ufu-directives,com.ufu
com.ufu-abuse,com.ufu
case-sensitivity,case-sensitive
spellchecker,spell-checking
exchangews,ews
case-studies,case-study
test-cases,testcase
destructors,destructor
gmake,gnu-make
ui-testing,gui-testing
website-testing,web-testing
functional-tests,functional-testing
upload-file,file-upload
software-testing,testing
groovygrails,grails
slugs,slug
significant-figures,significant-digits
dependency,dependencies
classloaders,classloader
java-se,java
shared-library,shared-libraries
mock,mocking
mocks,mocking
typecast,casting
non-const,const
windows-programming,windows
www,web
personal-development,self-improvement
self-development,self-improvement
classifier,classification
iphone-app,iphone
equal,equals
windows.forms,winforms
objective-c-2,objective-c-2.0
strings,string
multiple-process,multiprocess
phusion-passenger,passenger
aspx,asp.net
macos,osx
having-clause,having
xpath-expression,xpath
text-message,sms
text-messages,sms
system.addin,maf
cache,caching
memcache,memcached
exchangewebservices,ews
unix-time,unix-timestamp
ebooks,ebook
javax.swing,swing
jaxb2,jaxb
bookmark,bookmarks
decouple,decoupling
transitions,transition
sql-ansi,ansi-sql
multivariate-testing,ab-testing
split-testing,ab-testing
javaws,java-web-start
dynamically-generated-co,generated-code
linq2sql,linq-to-sql
debug,debugging
java-swing,swing
collations,collation
ccnet,cruisecontrol.net
connectionpool,connection-pooling
windows-2003,windows-server-2003
compiler-error,compiler-errors
sqlservermanagementstudio,ssms
management-studio,ssms
mail,email
playstation3,ps3
iostreams,iostream
google-code-hosting,google-code
transactionlog,transaction-log
mbeans,jmx
session-handling,session-management
distributedtransactions,distributed-transactions
error-codes,error-code
error-messages,error-message
compile-errors,compiler-errors
compile-error,compiler-errors
compilation-error,compiler-errors
compilation-errors,compiler-errors
camelcase,camelcasing
cast,casting
fulltrust,full-trust
7z,7zip
sevenzip,7zip
powerpack,powerpacks
badges,badge
discretemath,discrete-mathematics
cmath,math.h
schemas,schema
3d-modeling,3d-modelling
cache-l2,l2-cache
shape,shapes
layers,layer
.flv,flv
action-filters,action-filter
actionlinks,actionlink
actions,action
y2k38,year2038
2038,year2038
pkcs11,pkcs#11
restful-wcf,wcf-rest
transitional,transition
double-buffering,doublebuffered
constant,constants
language-constructs,language-construct
clllocation,cllocation
foreach-loop,foreach
.each,each
.jar,jar
serialisation,serialization
serialze,serialization
serializing,serialization
serialized,serialization
global-interpreter-lock,gil
boostshared-ptr,shared-ptr
change-log,changelog
microisv,micro-isv
prototype.js,prototypejs
autowiring,autowired
paths,path
multiple-languages,multilingual
apache-cxf,cxf
pubsub,publish-subscribe
ado.net-data-services,wcf-data-services
escape,escaping
escaped-characters,escaping
escape-sequence,escaping
escape-character,escaping
escaped,escaping
unescape,escaping
string-escaping,escaping
double-escaping,escaping
character-escaping,escaping
system.directoryservices,directoryservices
system-directoryservices,directoryservices
load-balance,load-balancing
load-balancer,load-balancing
stringliteral,string-literals
literal,literals
xp,windows-xp
cronjob,cron
association,associations
birt-report,birt
spreadsheets,spreadsheet
generators,generator
flow-of-control,control-flow
try,try-catch
catch,try-catch
concurrent,concurrency
kata,code-kata
ccnet-config,cruisecontrol.net
try-statement,try-catch
try-catch-throw,try-catch
vc++.net,visual-c++
type-casting,casting
dependencyproperty,dependency-properties
diagnostic,diagnostics
sqllite,sqlite
windows-2008-r2,windows-server-2008-r2
userscript,userscripts
minifier,minify
d3d,direct3d
shell-script,shell
combination,combinations
helios,eclipse-3.6
3gs,iphone-3gs
tests,testing
test,testing
for,for-loop
garbage-collector,garbage-collection
null-object,null-object-pattern
payments,payment
google-calendar-api,google-calendar
monad,monads
webcrawling,web-crawler
filesystem,filesystems
tts,text-to-speech
cdt,eclipse-cdt
as2,actionscript-2
headers,header
unserialize,serialization
deserialize,serialization
iframes,iframe
win32,winapi
programming-paradigms,paradigms
paradigm,paradigms
silverlight-4,silverlight-4.0
hotlink,hotlinking
model-view-viewmodel,mvvm
gqlquery,gql
mssql2008,sql-server-2008
integral-promotion,integer-promotion
orthogonality,orthogonal
ast,abstract-syntax-tree
validations,validation
apis,api
errors,error
optimizations,optimization
urls,url
tables,table
objects,object
videos,video
animations,animation
layouts,layout
encodings,encoding
joins,join
services,service
bindings,binding
redirects,redirect
websites,website
prototypes,prototype
webform,webforms
uploads,upload
vectors,vector
menus,menu
trigger,triggers
datasets,dataset
deletes,delete
filters,filter
migrations,migration
inserts,insert
eclipse-plugins,eclipse-plugin
downloads,download
trees,tree
streams,stream
dialogs,dialog
component,components
users,user
carriage-returns,carriage-return
subroutines,subroutine
lookup-table,lookup-tables
google-closure-compiler,google-closure
report-viewer,reportviewer
threadsafe,thread-safety
duplicate-code,code-duplication
transformations,transformation
performance-issues,performance
dynamic-link-library,dll
static-library,static-libraries
decorators,decorator
unix-programming,unix
multitenancy,multi-tenant
google-guice,guice
state-machine,state-machines
google-web-toolkit,gwt
android-sdk,android
dnn,dotnetnuke
link,hyperlink
hyperlinks,hyperlink
joda,jodatime
computational-linguistics,nlp
xsltransform,xslt
coding-convention,coding-style
coding-standards,coding-style
rewriteengine,mod-rewrite
rewritecond,mod-rewrite
rewriterule,mod-rewrite
opengles,opengl-es
shell-scripting,shell
shell-command,shell
shell-commands,shell
flex-sdk,flex
while,while-loop
commands,command
dsp,signal-processing
lambda-expressions,lambda
youtube-api,youtube
google-docs-api,google-docs
google-search-api,google-search
paypal-api,paypal
sound-api,audio
twitter-api,twitter
facebook-sdk,facebook
ipad-sdk,ipad
itunes-sdk,itunes
mojo-sdk,mojo
uninitialized,initialization
encrypt,encryption
tfidf,tf-idf
mina,apache-mina
xss-prevention,xss
mod-rails,passenger
pil,python-imaging-library
ext-gwt,gxt
perfomance,performance
out-parameter,out-parameters
jdk7,java-7
minification,minify
memoize,memoization
stats,statistics
adl,argument-dependent-lookup
modelbinder,modelbinders
todo,todos
performance-tuning,performance
10g,oracle10g
mongo,mongodb
sql-developer,oracle-sqldeveloper
timagelist,imagelist
ruby-on-rails-gems,rubygems
kernel-programming,kernel
docs,documentation
membership-provider,asp.net-membership
sqlmembershipprovider,asp.net-membership
cs,computer-science
url-encoding,urlencode
gem,rubygems
virtual-methods,virtual-method
facebook-application,facebook
graph-api,facebook-graph-api
facebook-fbml,fbml
serverfbml,fbml
staticfbml,fbml
facebook-fanpage,facebook-page
facebook-java-sdk,facebook-java-api
facebook-authentication,facebook-oauth
appengine,google-app-engine
jquery-grid,jqgrid
command-query-separation,cqrs
jquery-animation,jquery-animate
cmd.exe,cmd
mybatis,ibatis
jquery-accordian,jquery-ui-accordion
serialize,serialization
win32api,winapi
portable-executable,exe
pe,exe
google-adsense,adsense
nsnotification,nsnotifications
code-only,code-first
j2ee,java-ee
code-audit,code-review
sxs,side-by-side
winsxs,side-by-side
ip,ip-address
umn-mapserver,mapserver
facets,facet
jquery-tmpl,jquery-templates
form-submission,form-submit
permalink,permalinks
knn,nearest-neighbor
semaphores,semaphore
distributed-cache,distributed-caching
kynetx,krl
websockets,websocket
java-expression-language,el
forxml,for-xml
parallel-extensions,plinq
swf,flash
sequence-point,sequence-points
dwmapi,dwm
rml,reportlab
learn,learning
aspect-oriented,aop
n2cms,n2
piglatin,apache-pig
window-management,window-managers
httpservletrequest,servlets
httpservletresponse,servlets
cache-coherence,caching
mvc3,asp.net-mvc-3
mouse-picking,picking
processing.org,processing
computer-graphics,graphics
pdt,eclipse-pdt
gmaps,google-maps
sso,single-sign-on
test-driven,tdd
ha,high-availability
decryption,encryption
x64,64bit
xhr,xmlhttprequest
ci,continuous-integration
softreference,soft-references
weakreference,weak-references
traversing,traversal
phpdoctrine,doctrine
tortoise-hg,tortoisehg
heirarchy,hierarchy
java-applet,applet
crypto,cryptography
codecs,codec
mysql-query,mysql
dnn5,dotnetnuke-5
bfs,breadth-first-search
depth-first-search,dfs
jboss-hornetq,hornetq
programming-terms,terminology
hexadecimal,hex
ps,postscript
self-organizing-maps,som
kvo,key-value-observing
facebook-connect,facebook
facebook-graph,facebook-graph-api
oops,oop
jsecurity,shiro
sandboxing,sandbox
asp.net-webmethod,asmx
richtextformat,rtf
fast,performance
parallel-programming,parallel-processing
apache-tomcat,tomcat
url-shortening,url-shortener
slow,performance
object-file,object-files
open-office,openoffice.org
mathematical,math
arithmetic,math
apple-ios,ios
.net-cf,compact-framework
multicore-programming,multicore
exercises,homework
programming-exercise,homework
book-exercise,homework
structures,structure
database-structure,database
wpf-toolkit,wpftoolkit
graph-algorithm,graph-theory
merging,merge
optimizing,optimization
prime-number,primes
file-operations,file-io
404,http-status-code-404
performance-comparison,performance
dbcp,apache-commons-dbcp
stl-containers,stl
access-is-denied,access-denied
c3po,c3p0
perl-oo,object-oriented-perl
while-loops,while-loop
oss,open-source
image-resize,image-resizing
gsa,google-search-appliance
template-function,function-templates
random-number-generator,random
pseudo-random-numbers,random
random-generator,random
random-numbers,random
random-number,random
rand,random
random-alpha-generator,random
random-string,random
random-string-generator,random
sql-query,sql
visual-web-part,web-parts
webpartzone,web-parts
web-part,web-parts
plt-scheme,racket
drscheme,racket
cpp,c++
cshtml,razor
vbhtml,razor
80x86,x86
wildcards,wildcard
language-independent,language-agnostic
singleton-class,singleton
ccrc,clearcase-remote-client
sql-statement,sql
ia32,x86
logger,logging
segfault,segmentation-fault
void-pointer,void-pointers
classic-asp,asp-classic
sql-postgres,postgresql
student-question,homework
student,homework
bashrc,bash
.bashrc,bash
ezcomponents,zeta-components
microsoft-access,ms-access
rssfeed,rss
oracle-apex,apex
generic,generics
bison,yacc
quartz-graphics,core-graphics
google-reader-api,google-reader
adobe-acrobat,acrobat
bean,javabeans
beans,javabeans
data-frame,dataframe
gtk+,gtk
standard-ml,sml
comment,comments
kill-process,kill
standard,standards
selectbox,drop-down-menu
jcomponents,jcomponent
css-background-image,css
windows-azure-tables,azure-storage-tables
mysqldb,mysql-python
domain-specific-languages,dsl
floats,float
winbatch,batch-file
dos-batch,batch-file
bat,batch-file
.bat,batch-file
wpfdatagrid,datagrid
rtsj,real-time-java
debugger,debugging
basic-string,stdstring
mime-content-type,mime-types
rails3,ruby-on-rails-3
functional,functional-programming
.net-framework-4.0,.net-4.0
datatypes,types
speed,performance
typesystem,type-systems
chart,charts
charting,charts
system-architecture,architecture
application-architecture,architecture
solution-architecture,architecture
software-architecture,architecture
sencha,extjs
webpy,web.py
tuple,tuples
jsr-303,bean-validation
pretty-printing,pretty-print
shared-pointers,shared-ptr
global.asax,global-asax
.net-framework,.net
.net-framework-3.5,.net-3.5
mma,wolfram-mathematica
files,file
scalar-udf,user-defined-functions
table-udf,user-defined-functions
scalar-function,user-defined-functions
scalar-valued-functions,user-defined-functions
table-valued-functions,user-defined-functions
table-variables,table-variable
ndk,android-ndk
asp.net-mvc-3-validation,asp.net-mvc-3
cctray,cruisecontrol.net
wdk,winddk
cf.net,compact-framework
header-file,header-files
ugly-code,coding-style
foldr,fold
foldl,fold
hashmaps,hashmap
css-hacks,css-hack
sound,audio
windows-application,windows
object-oriented-modeling,oop
computed-column,calculated-columns
mongodb-csharp-driver,mongodb-csharp
coffee,coffeescript
unit-tests,unit-testing
android-honeycomb,android-3.0-honeycomb
inner-class,inner-classes
clean-code,coding-style
msie7,internet-explorer-7
.java,java
rad-controls,telerik
spaghetti-code,coding-style
java-util-logging,java.util.logging
oo-design,oop
as400,ibm-midrange
ibm-i,ibm-midrange
iseries,ibm-midrange
calender,calendar
importing,import
o-notation,big-o
immutable-class,immutability
wrappers,wrapper
wpf-binding,data-binding
windows-phone-mango,windows-phone-7.1
httpd,apache
extensions,extension
magento-enterprise,magento
faster,performance
running-time,performance
jabber,xmpp
string-manipulation,string
memory-fences,memory-barriers
mssql-ce,sql-server-ce
sql-ce,sql-server-ce
google+,google-plus
sql-ce-4,sql-server-ce-4
value-types,value-type
implementation-details,implementation
reference-types,reference-type
j2se,java
core-java,java
profiling-tools,profiling
component-object-model,com
entity-framework-ctp5,entity-framework-4.1
wcfserviceclient,wcf-client
apache-solr,solr
multi-layer-perceptron,neural-network
dot,graphviz
play,playback
ddply,plyr
where,where-clause
pyplot,matplotlib
memory-usage,memory-management
database-queries,query
javax.mail,javamail
zombies,zombie-process
redirection,redirect
speed-up,performance
builds,build
.net-ria-services,wcf-ria-services
zombie,zombie-process
prepared-statements,prepared-statement
asp.net-website,asp.net
razor-web-pages,razor
factory-pattern,factory
c#-4-0,c#-4.0
asp.net-razor-pages,razor
cake,cakephp
objc-arc,automatic-ref-counting
apache-tiles,tiles
window-api,winapi
vs-extensibility,vsx
textmatebundles,textmate
eigenvector,eigenvalue
xml-parser,xml-parsing
man-pages,manpage
compress,compression
auth,authentication
iphone-programming,iphone
grails-orm,gorm
grails-hasmany,gorm
ror,ruby-on-rails
switch,switch-statement
switch-case,switch-statement
nesting,nested
gtest,googletest
efficiency,performance
msi,windows-installer
python-subprocess-module,subprocess
undefined-behaviour,undefined-behavior
xdocument,linq-to-xml
.net-generics,generics
diffiehellman,diffie-hellman
.cshtml,razor
c++0x,c++11
wri-mathematica,wolfram-mathematica
bigmemory,ehcache-bigmemory
il,cil
json-parsing,json
tsvn,tortoisesvn
softkeyboard,android-softkeyboard
ext,extjs
model-view-presenter,mvp
if-else-statement,if-statement
if-then-else,if-statement
textboxes,textbox
uml-modeling,uml
registers,cpu-registers
output-file,file-io
mac,osx
servletcontext,servlets
coding-guidelines,coding-style
cached,caching
validators,validation
sql-syntax,sql
3d-graphics,3d
compiling,compilation
compile,compilation
async-ctp,async-await
await,async-await
mini-profiler,mvc-mini-profiler
.deb,deb
getters-setters,getter-setter
magical-getters-setters,getter-setter
getters,getter
setters,setter
simple-build-tool,sbt
tortoise,tortoisesvn
wcf-service,wcf
pretty-url,friendly-url
html-helpers,html-helper
amd64,x86-64
magento-extension,magento
magento-theming,magento
visual-c#,c#
assignment,variable-assignment
dte,envdte
apache-axis,axis
poi,apache-poi
lexical-analyzer,lexical-analysis
lexical-analyser,lexical-analysis
livecycle-data-services,lcds
vectorize,vectorization
vectorizing,vectorization
ria-services,wcf-ria-services
compiler-compiler,parser-generator
str,string
array-of-objects,arrays
school,homework
clj,clojure
integration-services,ssis
log,logging
logs,logging
descriptors,descriptor
windows-8-preview,windows-8
asmack,smack
streaming,video-streaming
xlinq,linq-to-xml
google-apis,google-api
google-mail,gmail
end-of-file,eof
sql-join,join
shaders,shader
ios-5.0,ios5
type-classes,typeclass
jetpack,firefox-addon-sdk
msrs,reporting-services
xcode-ide,xcode
frp,reactive-programming
custom-macros,macros
execute,firing
jetty-maven-plugin,maven-jetty-plugin
osx-10.7,osx-lion
macosx-10.5,osx-leopard
leopard,osx-leopard
osx-10.6,osx-snow-leopard
lion,osx-lion
bsd-sockets,sockets
ergonomic,ergonomics
ergonomy,ergonomics
asio,boost-asio
iphone-simulator,ios-simulator
ipad-simulator,ios-simulator
softlink,symlink
for-in,for-in-loop
crashes,crash
system-call,system-calls
syscall,system-calls
excel-xll,xll
assembler,assembly
lucene-index,lucene
monotouch-dialog,monotouch.dialog
property,properties
machine.specifications,mspec
android-apk,apk
drupal-module,drupal-modules
windows-script-host,wsh
urlrewrite,url-rewriting
ms-jscript,jscript
employment,career-development
job-hunting,career-development
customcomponents,custom-component
windows-registry,registry
visual-studio-extensions,vspackage
if-else,if-statement
vbproj,vb.net
signal,signals
shm,shared-memory
cf9,coldfusion-9
jme,java-me
tls,ssl
stylesheets,stylesheet
huffman-encoding,huffman-coding
magento-catalog,magento
php-oop,php
buffers,buffer
programatically,programmatically
express.js,express
expressjs,express
webcontrol,web-controls
mercurial-subrepos,subrepos
cross-origin,cross-domain
subselect,subquery
server-client,client-server
active-directory-group,active-directory
wtk,java-wireless-toolkit
structs,struct
texture,textures
scriptsharp,script#
post-commit,post-commit-hook
app-pool,application-pool
sql-match-all,relational-division
table-design,database-design
database-modeling,database-design
google-accounts,google-account
instantiate,instantiation
constraint,constraints
msdeploy,webdeploy
asynctask,android-asynctask
interceptors,interceptor
spel,spring-el
idiom,idioms
evaluation-order,order-of-evaluation
eventlog,event-log
windows-event-log,event-log
css-attributes,css
orient-db,orientdb
rewrite-url,url-rewriting
reports,report
zend,zend-framework
browser-compatibility,cross-browser
parallel,parallel-processing
intent,android-intent
autowire,autowired
memory-allocation,memory-management
lesscss,less
orchard,orchardcms
es5,ecmascript-5
sl4j,slf4j
rewrite,url-rewriting
d3,d3.js
azure-table-storage,azure-storage-tables
cloud-hosting,cloud
conflicts,conflict
validate,validation
code-optimization,optimization
data-clustering,cluster-analysis
clustering,cluster-analysis
generic-handler,ashx
fts,full-text-search
xsltprocessor,xslt
xsltproc,xslt
xslt-2.0-processors,xslt
filetypes,file-type
integers,integer
wtp,eclipse-wtp
fluent-api,fluent-interface
parallelization,parallel-processing
parallelism,parallel-processing
parallel-computing,parallel-processing
dtsx,ssis
a4j,ajax4jsf
assets-pipeline,asset-pipeline
class-loading,classloader
xmlhttp,xmlhttprequest
acoustic-echo-cancellatio,aec
gdiplus,gdi+
datatemplates,datatemplate
devfabric,azure-compute-emulator
task-scheduler,scheduled-tasks
task-scheduling,scheduled-tasks
crawler,web-crawler
apache-fop,fop
bst,binary-search-tree
style,styles
forward-declarations,forward-declaration
msvs,visual-studio
crlf,newline
systems,system
interval,intervals
mocking-framework,mocking
iis7httpmodule,httpmodule
windows-phone-7.5,windows-phone-7
mdb,ms-access
compiler,compiler-construction
concurency,concurrency
spec-sharp,spec#
wcf-extensibility,wcf-extensions
appcelerator-mobile,titanium-mobile
at,at-command
ax,axapta
microsoft-ax-2009,dynamics-ax-2009
queries,query
roslyn-ctp,roslyn
navigationcontroller,uinavigationcontroller
jboss-as-7,jboss7.x
compositewpf,prism
borders,border
returns,returning
logon,authentication
metro-style-app,microsoft-metro
ordered-list,html-lists
android-api,android
django-widgets,django-widget
wolfram,wolfram-mathematica
c2dm,android-c2dm
unordered-list,html-lists
embedded-systems,embedded
fluent-nhibernate-mapping,fluent-nhibernate
css3-transitions,css-transitions
django-auth,django-authentication
ul,html-lists
li,html-lists
ol,html-lists
jquery-tablesorter,tablesorter
yml,yaml
cuda-kernel,cuda
nulls,null
nullvalue,null
dates,date
gnumakefile,gnu-make
webworkers,web-worker
graphics-card,video-card
htmlparser,html-parsing
fulltext,full-text-search
masterpage,master-pages
postbacks,postback
winservice,windows-services
modal-view-controller,modalviewcontroller
ming-library,libming
image-uploading,file-upload
pgadminiii,pgadmin
database-architecture,database-design
cloudfront,amazon-cloudfront
ssrs-reports,reporting-services
characters,character
swtoolkit,swt
user-control,user-controls
functors,functor
tokens,token
tokenizing,tokenize
tokenizer,tokenize
tokenization,tokenize
abstract-classes,abstract-class
accessors,accessor
active-patterns,active-pattern
actors,actor
allocations,allocation
binary-search-trees,binary-search-tree
bit-operations,bitwise-operators
phonegap,cordova
float-css,css-float
cudamalloc,cuda
long,long-integer
code-first-migrations,ef-migrations
pattern,design-patterns
classic-javascript,javascript
wixlib,wix
msiexec,windows-installer
ms,microsoft
backbone,backbone.js
lein,leiningen
sql-management-studio,ssms
.getjson,getjson
scrolling,scroll
cocos2d,cocos2d-iphone
mkmapkit,mapkit
idempotence,idempotent
idempotency,idempotent
ssis-data-transformations,ssis
android-device,android
log4netconfiguration,log4net
jquery-validation-plugin,jquery-validate
fk-relationship,foreign-keys
css-classes,css
autocompleter,autocomplete
css-height,css
liftweb,lift
playframework-2.x,playframework-2.0
sdl-tridion,tridion
accdb,ms-access
css-expression,css-expressions
assembly-language,assembly
accents,diacritics
sqlldr,sql-loader
pairs,pair
lastfm,last.fm
umlauts,diacritics
databind,data-binding
fusion-tables,google-fusion-tables
so,shared-libraries
bar-graph,bar-chart
expando,expandoobject
align,alignment
vertical-align,vertical-alignment
design-pattern,design-patterns
sharedobject,shared-objects
static-method,static-methods
inline-function,inline-functions
eav,entity-attribute-value
backbonejs,backbone.js
content-script,userscripts
pen-testing,penetration-testing
knockoutjs,knockout.js
knockoutjs2,knockout-2.0
knockoutjs-mapping-plugin,knockout-mapping-plugin
qtip-2.0,qtip2
operator-new,new-operator
9patch,nine-patch
valueinjector,valueinjecter
copy-elision,return-value-optimization
rvo,return-value-optimization
nrvo,return-value-optimization
windows-sdk,winapi
mapview,android-mapview
ie10,internet-explorer-10
strongly-typed,strong-typing
dropdownlist,drop-down-menu
ios5-sdk,ios5
authenticate,authentication
aosp,android-source
egrep,grep
yii-mvc,yii
linq2twitter,linq-to-twitter
nested-classes,inner-classes
nested-class,inner-classes
wol,wake-on-lan
bool,boolean
taglib#,taglib-sharp
visual-studio-11,visual-studio-2012
ember,ember.js
background-segmentation,background-subtraction
vs11,visual-studio-2012
vs2011,visual-studio-2012
vs2012,visual-studio-2012
terminals,terminal
wix3,wix3.5
stdlib,std
sitemaps,sitemap
htdigest,.htpasswd
htpasswd,.htpasswd
media-query,media-queries
anchor-tag,anchor
microsoft-surface,pixelsense
metro-framework,java-metro-framework
metro-ui,microsoft-metro
metro,microsoft-metro
uniqueness,unique
repository-pattern,repository
repositories,repository
customize,customization
customized,customization
asp.net-authentication,forms-authentication
facebook-iphone-sdk,facebook-ios-sdk
domino,lotus-domino
column,columns
asp.net-webforms,webforms
cursoradapter,android-cursoradapter
cursorloader,android-cursorloader
scikits-learn,scikit-learn
text-file,text-files
vimrc,vim
razor-grid,webgrid
html-dom,dom
viewpager,android-viewpager
linearlayout,android-linearlayout
contentresolver,android-contentresolver
arrayadapter,android-arrayadapter
fragmentactivity,android-fragmentactivity
tabhost,android-tabhost
actionbar,android-actionbar
webnoir,noir
asp-mvc,asp.net-mvc
argument,arguments
simplexmlelement,simplexml
knockout,knockout.js
underscore,underscore.js
tiny,tinymce
cluster,cluster-computing
clusters,cluster-computing
double-precision,precision
floating-point-precision,precision
numeric-precision,precision
finite-precision,precision
half-precision-float,precision
cross-threading,multithreading
pylab,matplotlib
pythonic,python
boost.build,boost-build
boost-jam,bjam
comma-separated,csv
associative-arrays,associative-array
shellexecute,shell-exec
unix-utils,unix
batch,batch-file
batch-script,batch-file
seo-friendly,seo
resizing,resize
gmock,googlemock
cms,content-management-system
neural-network-tuning,neural-network
google-picasa,picasa
drracket,racket
financial,finance
stock,stocks
coronasdk,corona
zmq,zeromq
drop-down,drop-down-menu
modelling,modeling
wx,wxwidgets
libnds,devkitpro
south,django-south
vb,vb.net
chicken,chicken-scheme
saving,save
bot,bots
rotating,rotation
rotate,rotation
line-break,line-breaks
corner,corners
svcutil,svcutil.exe
facebook-jssdk,facebook-javascript-sdk
imports,import
fileuploader,file-upload
html-entity,html-entities
arc,automatic-ref-counting
repl,read-eval-print-loop
snap,snap-framework
widgets,widget
tasks,task
conditions,condition
keywords,keyword
file-protocol,file-uri
animate,jquery-animate
emberjs,ember.js
xna4.0,xna-4.0
prismv4,prism-4
prismv2,prism-2
google-drive,google-drive-sdk
spellcheck,spell-checking
mongo-java,mongodb-java
unmarshall,unmarshalling
dba,database-administration
gem-bundler,bundler
bundle,bundler
nsfetchedresultcontroller,nsfetchedresultscontrolle
gui,user-interface
b+-tree,b-tree
angular,angularjs
domain,dns
keys,key
dag,directed-acyclic-graphs
kalman,kalman-filter
variable-scope,scope
rtc,rational-team-concert
nintendo-ds,devkitpro
wii,devkitpro
palib,devkitpro
web-database,web-sql
fileinput,file-io
mongod,mongodb
curly-brackets,curly-braces
hashing,hash
language-processing,nlp
sorting-algorithm,sorting
persian,farsi
sql-select,sql
iterate,loops
smooth-numbers,hamming-numbers
symfony2,symfony
n-tier-architecture,n-tier
array-sorting,sorting
index,indexing
indexes,indexing
maproute,asp.net-mvc-routing
mpmovieplayer,mpmovieplayercontroller
appcelerator,titanium
webfonts,font-face
ios5-compatibility,ios5
name-clash,name-conflict
loadtest,load-testing
polymorphic,polymorphism
f#-interactive,fsi
traverse,traversal
ios4.1,ios4
ios4.3,ios4
ios4.0.1,ios4
data-url,data-uri
checkboxes,checkbox
sql2008r2,sql-server-2008-r2
polyfills,shim
java1.5,java-5
java1.6,java-6
applicative-functor,applicative
f#-scripting,fsi
static-member,static-members
database-link,dblink
kendo,kendo-ui
python-pil,python-imaging-library
winrt,windows-runtime
singlepage,single-page-application
identifiers,identifier
zc.buildout,buildout
requests,python-requests
h5bp,html5boilerplate
css-keyframes,css-animations
magento-upgrade,magento
breezejs,breeze
breeze.js,breeze
php-date,php
magento-admin,magento
reusable-code,code-reuse
reuse,reusability
clojure.core.logic,clojure-core.logic
flow3,typo3-flow
unity-game-engine,unity3d
marionettejs,marionette
uitable,uitableview
xamarin.mac,monomac
formbuilder,oracleforms
actionfilterattribute,action-filter
viewcontroller,uiviewcontroller
permanent-generation,permgen
facebook-wall,facebook-timeline
vs-macros,visual-studio-macros
etree,elementtree
push-notifications,push-notification
php5,php
django-tastypie,tastypie
harddisk,hard-drive
apache-hadoop,hadoop
xml-schema,xsd
character-reference,html-entities
speech-to-text,speech-recognition
itextpdf,itext
ical,icalendar
in-the-wild,production
impersonate,impersonation
crawl,web-crawler
crawling,web-crawler
php-frameworks,php
japplet,applet
google-experiments,google-website-optimizer
workspaces,workspace
tfs-service,vs-team-services
jpg,jpeg
emr,elastic-map-reduce
bitwise,bit-manipulation
bit-twiddling,bit-manipulation
grunt,gruntjs
emf,eclipse-emf
urlpatterns,url-pattern
storing,storage
hiveql,hive
xhtmlrenderer,flying-saucer
apache-mapreduce,mapreduce
spring-data-mongodb,spring-data-document
actionbarsherlock,android-actionbar
web-security,security
newtonsoft,json.net
voice-recognition,speech-recognition
attachments,attachment
lighthttpd,lighttpd
facebook-canvas,facebook-apps
facebook-iframe,facebook-apps
blend,expression-blend
xml-transform,xslt
velocity,appfabric-cache
nettiers,.nettiers
uistoryboard,storyboard
xcode-storyboard,storyboard
arrayindexoutofbounds,indexoutofboundsexception
breakpoint,breakpoints
short-message-service,sms
performancecounters,performancecounter
queryperformancecounter,performancecounter
performance-test,performance-testing
web-performance-test,performance-testing
android-performance,performance
javascript-performance,performance
jquery-performance,performance
linq-performance,performance
wcf-performance,performance
application-performance,performance
restarting,restart
enhanced-for-loop,foreach
er,entity-relationship
xcode4.5,xcode4
gcd,greatest-common-divisor
aspdotnet,asp.net
xcoff,coff
processid,pid
quit,exit
c-string,c-strings
inter-process-communicat,ipc
tfs11,tfs2012
stm,transactional-memory
variable-naming,naming-conventions
derived-instances,deriving
omp,openmp
google-places,google-places-api
wams,azure-mobile-services
m2e,m2eclipse
else,if-statement
exec-bad-access,exc-bad-access
css-clear,css-float
browser-caching,browser-cache
mysql-server,mysql
tuning,performance
recommendation,recommendation-engine
decompress,decompression
canonical,canonical-link
cql,cassandra
monotouch,xamarin.ios
monodroid,xamarin.android
xamarin.studio,monodevelop
ubuntu-lucid,ubuntu-10.04
ubuntu-precise,ubuntu-12.04
l2e,linq-to-entities
php-yii,yii
pom,pom.xml
hypertext-com.ufu,php
cf,cfml
cfscript,cfml
ios-standalone-mode,iphone-standalone-web-app
ipad-standalone-mode,iphone-standalone-web-app
html-tag,html
td,html-table
rowspan,html-table
colspan,html-table
system.web.optimization,asp.net-optimization
workbook,excel
emmett,emmet
zencoding,emmet
zen-coding,emmet
blocks,block
usbdevice,usb
css-columns,css
dbquery,query
datepicker-ui,datepicker
charset-table,character-encoding
scss,sass
css2,css
disassembler,disassembly
disassembling,disassembly
decompiler,decompiling
control,controls
search-and-replace,replace
bom,byte-order-mark
string-replacement,replace
zend-engine,php-internals
php-references,reference
references,reference
php.ini,php
php-modules,php-extension
iphone-ios,iphone
find-and-replace,replace
replacement,replace
text-replacement,replace
python-interpreter,python
ror3,ruby-on-rails-3
flickr-api,flickr
decrypt,encryption
adf,oracle-adf
comprehension,list-comprehension
img,image
argument-passing,parameter-passing
conditionals,conditional
conditional-statements,conditional
spec,specifications
specification,specifications
hexadecimal-notation,hex
maximum,max
optaplanner,drools-planner
jqm,jquery-mobile
dynamic-allocation,dynamic-memory-allocation
ggplot,ggplot2
qplot,ggplot2
bitwise-shift,bit-shift
testacular,karma-runner
like-operator,sql-like
expressions,expression
android-logcat,logcat
statistical-analysis,statistics
idle,python-idle
dictionaries,dictionary
css-inheritance,css
android-debug-bridge,adb
google-storage,google-cloud-storage
bash-alias,bash
openrefine,google-refine
gquery,gwtquery
oxygene,delphi-prism
user-authentication,authentication
client-authentication,authentication
automated-testing,automated-tests
dll-hell,dll
generic-class,generics
data-distribution-service,dds
pgrep,grep
idle-ide,python-idle
known-type,known-types
linq-expressions,expression-trees
auto-properties,automatic-properties
apns,apple-push-notifications
roasal,roassal
receiver,broadcastreceiver
phusion,passenger
iphone-provisioning,ios-provisioning
google-scripts,google-apps-script
stringgrid,tstringgrid
tmemo,memo
tpanel,panel
tpagecontrol,pagecontrol
styling,styles
form-validation,validation
input-validation,validation
charting-controls,charts
cs5,flash-cs5
adobe-flash-cs5,flash-cs5
pendingintent,android-pendingintent
android-maps-v2,google-maps-android-api-2
marker,google-maps-markers
markers,google-maps-markers
jquery-datepicker,jquery-ui-datepicker
tfs-api,tfs-sdk
matlab-standalone,matlab-compiler
ie8-developer-tools,ie-developer-tools
ie9-developer-tools,ie-developer-tools
reporting-services-2012,ssrs-2012
airplay,marmalade
vc,visual-c++
aria,wai-aria
sounds,audio
neventstore,event-store
dataframes,dataframe
ordereddict,ordereddictionary
if-then,if-statement
virtualtreeview,tvirtualstringtree
slowness,performance
audiomanager,android-audiomanager
tchart,teechart
struts2-jquery-plugin,struts2-jquery
composer,composer-php
autoloader,autoload
rvm,rvmrc
movie,video
movies,video
mcc,matlab-compiler
adobe-dreamweaver,dreamweaver
points,point
user-guide,guide
regex-php,regex
perl-regex,regex
forking,fork
vkontakte,vk
inverse-matrix,matrix-inverse
multiselectlist,multi-select
sap-crystal-reports,crystal-reports
initialization-list,ctor-initializer
vm,virtual-machine
multidimensional,multidimensional-array
ng-repeat,angularjs-ng-repeat
jdk1.6,java-6
jdk1.5,java-5
android-market,google-play
absolute-positioning,css-position
relative-positioning,css-position
position-fixed,css-position
adobe-flex-4,flex4
html-option,html-select
gwtp,gwt-platform
ics,icalendar
cupcake,android-1.5-cupcake
android-donut,android-1.6-donut
ice-cream-sandwich,android-4.0
jelly-bean,android-4.2-jelly-bean
froyo,android-2.2-froyo
android-froyo,android-2.2-froyo
android-cupcake,android-1.5-cupcake
android-jelly-bean,android-4.2-jelly-bean
android-ics,android-4.0
gingerbread,android-2.3-gingerbread
android-gingerbread,android-2.3-gingerbread
honeycomb,android-3.0-honeycomb
android-eclair,android-2.0-eclair
netmf,.net-micro-framework
ifelse,if-statement
uipangesturerecognizer,uigesturerecognizer
uipinchgesturerecognizer,uigesturerecognizer
uitapgesturerecognizer,uigesturerecognizer
navbar,uinavigationbar
navigationbar,uinavigationbar
asmjs,asm.js
elseif,if-statement
tfpt,tfs-power-tools
mobile-web,mobile-website
fields,field
css-positioning,css-position
outofmemoryexception,out-of-memory
outofmemoryerror,out-of-memory
ifdef,conditional-compilation
goinstant-platform,goinstant
nodejs,node.js
data-attribute,custom-data-attribute
data-attributes,custom-data-attribute
lazy-load,lazy-loading
tuple-unpacking,iterable-unpacking
imageio,javax.imageio
google-sketchup,sketchup
trimble-sketchup,sketchup
system-programming,systems-programming
ie11,internet-explorer-11
php-cli,php
fql,facebook-fql
string-compare,string-comparison
xammp,xampp
teleric-mvc,telerik-mvc
wp8,windows-phone-8
composite-key,composite-primary-key
data-modelling,data-modeling
exchange-2010,exchange-server-2010
exchange-2003,exchange-server-2003
exchange,exchange-server
exchange-2007,exchange-server-2007
qb,quickblox
google-charts,google-visualization
google-charts-api,google-visualization
google-geochart,google-visualization
postcode,postal-code
webstart,java-web-start
bash-variables,bash
bourne-shell,sh
picture,image
pictures,image
elements,element
implementations,implementation
ios-sdk,ios
iphone-sdk-6.0,ios6
iphone-sdk-5.0,ios5
iphone-sdk-4,ios4
iphone-sdk-4.0,ios4
sparse,sparse-matrix
sparse-array,sparse-matrix
sparse-columns,sparse-matrix
named-entity-extraction,named-entity-recognition
tabbarcontroller,uitabbarcontroller
customer-account-data,customer-account-data-api
program-flow,control-flow
sailsjs,sails.js
mvcscaffolding,asp.net-mvc-scaffolding
playbook,blackberry-playbook
interrupts,interrupt
blackberry-world,appworld
caliburn,caliburn.micro
pseudo-terminals,pty
iam,amazon-iam
embedded-v8,v8
data-uri-scheme,data-uri
knapsack,knapsack-problem
urls.py,django-urls
jdk,java
jre,java
sets,set
google-closure-library,google-closure
stateless-session-beans,stateless-session-bean
android-images,android-image
patterns,design-patterns
string-similarity,similarity
similarity-analyzer,similarity
spring-tool-suite,sts-springsourcetoolsuite
perlre,regex
xmlns,xml-namespaces
painting,paint
ie7-bug,internet-explorer-7
ie6-bug,internet-explorer-6
safari-bug,safari
samples,sample
fugitive.vim,vim-fugitive
fgrep,grep
osm,openstreetmap
ajaxtoolkit,ajaxcontroltoolkit
embedded-matlab,matlab-coder
matlab-ide,matlab
matlab-path,matlab
parameterized-queries,parameterized-query
php-errors,php
jdk8,java-8
filelock,file-locking
sentestingkit,ocunit
complexity,complexity-theory
magento-widgets,magento
magento-module,magento
omniture,adobe-analytics
site-catalyst,adobe-analytics
mvc4,asp.net-mvc-4
cef,chromium-embedded
parenthesis,parentheses
uimapview,mkmapview
mysql-table,mysql
rules-engines,rule-engine
rules-engine,rule-engine
barplot,bar-chart
google-play-game-services,google-play-games
libxml,libxml2
servicestack-text,servicestack
mpg,mpeg
jde,blackberry-jde
reintegrate,svn-reintegrate
play-mvc,playframework
web-api,asp.net-web-api
multiple-backgrounds,background-image
sdf,sql-server-ce
greyscale,grayscale
multipeer-conectivity-ios,multipeer-connectivity
beanstalk,elastic-beanstalk
chromecast,google-cast
enumerations,enums
datetime-operation,datetime
datetime-functions,datetime
fmx,firemonkey
google-chartwrapper,google-visualization
web-optimization,asp.net-optimization
conformance,standards-compliance
xhtml5,html5
gpg,gnupg
xquery-update,xquery
nil,null
splitting,split
android-stylesheets,android-styles
pnacl,google-nativeclient
streetview,google-street-view
street-view,google-street-view
css-centering,css
assembly-reference,assembly-references
overwriting,overwrite
subclasses,subclass
decimals,decimal
pcl,printer-control-language
gtalk,google-talk
gof,design-patterns
left-outer-join,left-join
timestamps,timestamp
temporary-tables,temp-tables
stripping,strip
reorder,order
reordering,order
ordering,order
facebook-opengraph,opengraph
raven,ravendb
require.js,requirejs
modal,modal-dialog
f#-charting,fsharpchart
bit-shift-operators,bit-shift
min-height,css
min-width,css
max-height,css
max-width,css
msvc11,visual-studio-2012
mavericks,osx-mavericks
animated,animation
rotateanimation,animation
scaleanimation,animation
syncframework,microsoft-sync-framework
kitkat,android-4.4-kitkat
object-to-string,tostring
ipn,paypal-ipn
a11y,accessibility
joomla1.7,joomla2.5
joomla1.6,joomla2.5
joomla3.1,joomla3.0
joomla3.2,joomla3.0
joomla3.x,joomla3.0
nhibernate-queryover,queryover
recurrence-relation,recurrence
android-intent-flags,android-intent
disposing,dispose
disposal,dispose
dispose-pattern,dispose
resource-disposal,dispose
pipes,pipe
sortable,jquery-ui-sortable
jquery-sortable,jquery-ui-sortable
javascript-alert,javascript
handlebars,handlebars.js
cronexpression,cron
stacks,stack
owa,outlook-web-app
boss,yahoo-boss
team-foundation-service,vs-team-services
pytest,py.test
tooltips,tooltip
mac-os-x-server,osx-server
osx-10.9,osx-mavericks
jquery-datatables,datatables
twitter-bootstrap-3.0.2,twitter-bootstrap-3
sqlitedatabase,sqlite
computer-architecture,cpu-architecture
iap,in-app-purchase
high-resolution,retina-display
cpickle,pickle
unpickling,pickle
glass,aero-glass
regularexpression,regex
iis5,iis-5
iis6,iis-6
iis7,iis-7
iis8,iis-8
android-sdk-2.2,android-2.2-froyo
pickle-dump,pickle
filter-branch,git-filter-branch
inherit,inheritance
sklearn,scikit-learn
ranges,range
worklight-deployment,worklight-server
groupwise-maximum,greatest-n-per-group
android-test-kit,android-espresso
soa-suite,soa
laravel-4.1,laravel-4
valid-xhtml,xhtml
memory-deallocation,memory-management
performance-measurement,performance
performance-monitoring,performance
chromedriver,selenium-chromedriver
adwords,google-adwords
google-adwords-api,google-adwords
gdocs,google-docs
sql-srever,sql-server
komodoedit,komodo
servicestack-bsd,servicestack
uisegmentcontrol,uisegmentedcontrol
workitem,tfs-workitem
python3,python-3.x
division-by-zero,divide-by-zero
self-referential,self-reference
self-referencing,self-reference
g1,g1gc
duplicate-entry,duplicates
shorthand-if,conditional-operator
ternary-operator,conditional-operator
interrupt-handling,interrupt
irq,interrupt
isr,interrupt
selectors,css-selectors
php-mail,php
galaxy,samsung-mobile
twitter-bootstrap-3.0,twitter-bootstrap-3
box-model,css
msvc10,visual-studio-2010
css-validation,css
javascript-array,arrays
static-vs-non-static,static
cryptopp,crypto++
mobilesubstrate,cydia-substrate
htmldocument,dom
html-attributes,html
rewritebase,mod-rewrite
mustache.js,mustache
style.css-template-file,css
grunt-cli,gruntjs
angular.dart,angular-dart
cipher,encryption
python-ctypes,ctypes
moment.js,momentjs
gvimrc,vim
gvim,vim
saxparser,sax
sync,synchronization
asynchronous-processing,asynchronous
lat-long,latitude-longitude
html.dropdownlist,html-select
introduction,intro.js
vimscript,vim
mvn,maven
vs2013,visual-studio-2013
vs-2013-preview,visual-studio-2013
matchers,matcher
static-code-analysis,static-analysis
plaintext,text
php-cgi,php
sonar,sonarqube
backbone.marionette,marionette
spaces,space
computer-algebra-systems,symbolic-math
symbolic-computation,symbolic-math
typeahead,typeahead.js
mathematica,wolfram-mathematica
endless-scroll,infinite-scroll
endless-loop,infinite-loop
vars,variables
rspec-rails,rspec
php-functions,php
json-encode,json
json-decode,json
cli,command-line-interface
pseudo-selectors,css-selectors
paypalmerchantsdk,paypal
client-dataset,tclientdataset
php-readfile,php
formating,formatting
node.js-fs,fs
yii-db,yii
file-download,download
cv,computer-vision
vstemplate,visual-studio-templates
avg,average
appendto,append
appcompat,android-actionbar-compat
conditional-expressions,conditional-operator
dynamics,microsoft-dynamics
actionbarcompat,android-actionbar-compat
winmo,windows-mobile
msas,ssas
activity,android-activity
processes,process
selenium2,selenium-webdriver
selenium-webdriver-c#,selenium-webdriver
selenium-webdriver-java,selenium-webdriver
spark-cluster-framework,apache-spark
ui-router,angular-ui-router
idb,indexeddb
email-server,mail-server
datetime-manipulation,datetime
xml.etree,elementtree
jazz,ibm-jazz
class-methods,class-method
css-backface-visibility,css-transforms
web-browser,browser
mpich2,mpich
robots,robot
pig,apache-pig
dnd,drag-and-drop
evoq,dotnetnuke
javascript-dom,javascript
future,promise
karma,karma-runner
eclipse-adt,adt
css-display,css
market,google-play
android-4.2,android-4.2-jelly-bean
android-4.3,android-4.3-jelly-bean
android-4.4,android-4.4-kitkat
android-3.0,android-3.0-honeycomb
android-2.3,android-2.3-gingerbread
android-2.2,android-2.2-froyo
android-2.0,android-2.0-eclair
android-2.1,android-2.1-eclair
android-1.5,android-1.5-cupcake
android-1.6,android-1.6-donut
queryselectorall,selectors-api
string-utils,apache-stringutils
neo4j2.0,neo4j
socketio,socket.io
wampserver,wamp
modulus,modulo
scrapyd,scrapy
scrapy-spider,scrapy
angular-module,angularjs-module
subsetting,subset
nsmanagedobjectcontext,core-data
nsmanagedobject,core-data
asset,assets
sqlselect,sql
php-session,php
mro,method-resolution-order
sprintf,printf
fprintf,printf
snprintf,printf
vsprintf,printf
vsnprintf,printf
vswprintf,printf
nokia-location-api,here-api
microsoft-appstore,windows-store
tomee,apache-tomee
simulate,simulation
edittext,android-edittext
appwidget,android-appwidget
div,html
divs,html
nested-divs,html
div-layouts,html
volley,android-volley
injection,code-injection
asp.net.mvc,asp.net-mvc
kendo-ui-mvc,kendo-asp.net-mvc
cabal-install,cabal
zf2,zend-framework2
dbms,database
sesame,openrdf
webcam-capture,webcam
html-comments,html
indent,indentation
smartwatch,sony-smartwatch
xperia,sony-xperia
span,html
python-shell,python
team-build,tfsbuild
eclipse-plugin-dev,eclipse-plugin
chrome-packaged-app,google-chrome-app
swift-language,swift
swift-ios,swift
ipad-splitview,ipad
ipad-ui,ipad
iphone-web,iphone
logical,logic
mht,mhtml
ibm-was,websphere
input-file,file-io
input-files,file-io
infile,file-io
outfile,file-io
output-files,file-io
breeze#,breeze-sharp
javascript-disabled,javascript
xcode-playground,swift-playground
ring-buffer,circular-buffer
pebble-sdk,pebble-watch
x-window,x11
cross-compile,cross-compiling
uitableviewcell,uitableview
uitableviewcellaccessory,uitableview
uitableviewcellstylevalue,uitableview
uitableviewstyle,uitableview
uitableviewdatasource,uitableview
uitableviewdelegate,uitableview
uitableviewheader,uitableview
uitableviewfooter,uitableview
uitableview-section,uitableview
uitableviewstylegrouped,uitableview
uitableviewcontroller,uitableview
fuseesb,jbossfuse
protobufs,protocol-buffers
spring-rabbit,spring-amqp
nsdocumentsdirectory,nsdocumentdirectory
stellarjs,stellar.js
angular.js,angularjs
aspnet.mvc,asp.net-mvc
aspnet-mvc,asp.net-mvc
numberformat,number-formatting
signal-slot,signals-slots
post-request,http-post
halt,exit
identify,detect
compressed,compression
competitions,programming-competitions
gameloop,game-loop
nancyfx,nancy
cocos2d-swift,cocos2d-iphone
ruby-c-api,ruby-c-extension
ruby-extension,ruby-c-extension
ruby-ext,ruby-c-extension
if-clause,if-statement
software-as-a-service,saas
c90,c89
progress-database,progress-db
csharp,c#
route,routes
karaf,apache-karaf
android-compat-lib,android-support-library
thread-safe,thread-safety
varargs,variadic-functions
timedelta,timespan
duration,timespan
certificates,certificate
windowmanager,window-managers
day-cq,aem
ibm-notes,lotus-notes
sheets,google-spreadsheet
windows-universal,win-universal-app
xcode6-beta3,xcode6
dijit.form,dojo
dijit.layout,dojo
dijit.tree,dojo
dojo.data,dojo
dojo-store,dojo
dojo-layer,dojo
dojo.stateful,dojo
dojo-require,dojo
xcode6-beta4,xcode6
round,rounding
msp,msi-patch
xwindows,x11
nvd3,nvd3.js
odoo,openerp
analytic-functions,window-functions
engopen,matlab-engine
compass-css,compass-sass
autobahnws,autobahn
gnumakefiles,gnu-make
.wav,wav
fsharp.data,f#-data
full-text-indexing,full-text-search
submodule,git-submodules
submodules,git-submodules
static-class,static-classes
ef6,entity-framework-6
keyvaluepair,key-value
java-libraries,java
c++1y,c++14
build-process,build
custom-keyboard,ios-app-extension
builtins,built-in
lambda-functions,lambda
data-definition-language,ddl
ruby-on-rails-4-1,ruby-on-rails-4.1
code-efficiency,performance
ink-file-picker,filepicker.io
iphone-6+,iphone-6-plus
spider,web-crawler
dnn7,dotnetnuke-7
big-omega,big-o
java-native-interface,jni
boolean-algebra,boolean-logic
decisiontrees,decision-tree
alternation,regex-alternation
sibling,siblings
urlrewriter,url-rewriting
rewritemap,mod-rewrite
handhelddevice,mobile-devices
handheld,mobile-devices
symfony-sonata,sonata-admin
bing-maps-api,bing-maps
bing-maps-controls,bing-maps
virtual-earth,bing-maps
cmd-script,batch-file
jdk1.8,java-8
susy,susy-sass
renaming,rename
schema-design,database-design
google-sheets,google-spreadsheet
spark,apache-spark
fire-tv,amazon-fire-tv
vso,vs-team-services
setup,installation
installing,installation
highlighting,highlight
google-play-store,google-play
apache-regexp,regex
outer,outer-join
huffman,huffman-coding
google-drive-api,google-drive-sdk
sonata,sonata-admin
ko.observablearray,knockout.js
lookaround,regex-lookarounds
matlab-toolbox,matlab
containment,contains
negative-lookahead,regex-lookarounds
lookahead,regex-lookarounds
android-l,android-5.0-lollipop
css-line-height,css
validator,validation
nested-array,multidimensional-array
rectangular-arrays,multidimensional-array
ndarray,multidimensional-array
jsonarray,arrays
string-array,arrays
char-array,arrays
outlook-form,outlook
outlook-calendar,outlook
outlook-express,outlook
outlook-envelope-icon,outlook
outlook-macro,outlook
outlook.com,outlook
wordpress-loop,wordpress
wordpress-plugin-dev,wordpress
wordpress-mu,wordpress
wordpress-filter,wordpress
wordpress-widget,wordpress
amchart,amcharts
fortify360,fortify
fortify-software,fortify
.net-4.5.1,.net-4.5
last-child,css-selectors
first-child,css-selectors
nth-child,css-selectors
comboboxes,combobox
tmpfile,temporary-files
tempfile,temporary-files
sprites,sprite
apple-metal,metal
metal-framework,metal
map,dictionary
build-gradle,build.gradle
crowd,atlassian-crowd
stringformat,string-formatting
if-condition,if-statement
rich-client-platform,rcp
data-encryption,encryption
login,authentication
android-application,android
paypal-sdk,paypal
weemo,sightcall
multi-device-hybrid-apps,visual-studio-cordova
.net-4.5.2,.net-4.5
3d-array,multidimensional-array
2d-array,multidimensional-array
css-overflow,css
guava-collections,guava
ibm-db2,db2
csrf-protection,csrf
sql-triggers,triggers
opscode,chef
slow-load,performance
ruby-on-rails-3.2.1,ruby-on-rails-3.2
spa,single-page-application
uistoryboardsegue,segue
func-delegate,delegates
function-object,functor
transparentdataencryption,tde
android-lollipop,android-5.0-lollipop
panoramic,panoramas
julia,julia-lang
code-beautification,code-formatting
datastax,datastax-enterprise
nc,netcat
facebook-sdk-ios,facebook
encrypted,encryption
es6,ecmascript-6
java-asm,java-bytecode-asm
spam-filtering,spam-prevention
spam-detection,spam-prevention
spam-blocking,spam-prevention
antispam,spam-prevention
spamming,spam-prevention
qxt,libqxt
flask-blueprint,flask
azure-storage,windows-azure-storage
chefdk,chef
chef-solo,chef
chef-recipe,chef
css-border-image,css3
css-border-radius,css3
css-box-shadow,css3
css-text-overflow,css3
css-text-shadow,css3
qt-layout,qlayout
nokia-maps,here-api
r-language,r
google-app-engine-java,google-app-engine
defer,deferred
django-modelform,django-forms
ssms-2008,sql-server-2008
call-by-reference,pass-by-reference
group-by-time-interval,group-by
group-by-all,group-by
css-sibling,css-selectors
osx-yosemite10.10,osx-yosemite
order-by,sql-order-by
binary-system,binary
binary-number,binary
wordpress-permission,wordpress
queryset,django-queryset
reactive-extensions-js,rxjs
slicing,slice
passportjs,passport.js
apache-jmeter,jmeter
embedded-javascript,ejs
array-slice,slice
slices,slice
string-slice,slice
google-datastore,google-cloud-datastore
gae-datastore,google-cloud-datastore
java-collections-api,collections
windows-azure-blob,azure-storage-blobs
trellis,lattice
compass,compass-sass
scratch,mit-scratch
nivo,nivo-slider
django-many-to-many,django-orm
django-template-tags,django-templates
django-fields,django-models
django-imagefield,django-models
django-multi-db,django-orm
bounded-wildcard,pecs
sequelize,sequelize.js
amazon-lambda,aws-lambda
vba-macros,vba
macros-vba,vba
io.js,node.js
select-statement,sql
iterative,iteration
reverse-polish-notation,postfix-notation
urlmappings,url-mapping
nth-of-type,css-selectors
mongodb-arrays,arrays
quaternion,quaternions
publishing,publish
arquillian,jboss-arquillian
return-statement,return
time-tag,html5
select-tag,html-select
.net-4.5.3,.net-4.6
audio-playing,audio-player
alphablend,alphablending
facade-pattern,facade
office365-addin,office365-apps
move-semantics,move
scalajs,scala.js
meteorjs,meteor
java-util-scanner,java.util.scanner
alternate-stylesheets,css
qt-stylesheet,qss
google-cloud,google-cloud-platform
webservlet,servlets
uipicker,uipickerview
jquery-dynatree,dynatree
adf-faces,oracle-adf
x.509,x509
url-protocol,url-scheme
uri-scheme,url-scheme
unittest,unit-testing
encryption-asymmetric,public-key-encryption
inline-block,css
directories,directory
ilist,list
electronic-signature,digital-signature
peano-numbers,successor-arithmetics
cstring,c-strings
intellij-idea-14,intellij-14
css-combinators,css-selectors
stackoverflow-api,stackexchange-api
work-item-tracking,tfs-workitem
work-item,tfs-workitem
process-template,tfs-process-template
android-ui,android
self-executing-function,iife
dust.js-linkedin,dust.js
cpanm,cpan
css-box-model,css
node-async,async.js
stackoverflowerror,stack-overflow
stackoverflowexception,stack-overflow
turtle,turtle-graphics
pixel-shader,fragment-shader
mysqld,mysql
mysqlclient,mysql
empty-string,string
sub-arrays,arrays
character-arrays,arrays
ace.js,ace-editor
elixir-lang,elixir
excel-macro,excel-vba
videojs,video.js
uber,uber-api
azure-web-apps,azure-web-sites
smartbear-testcomplete,testcomplete
big-theta,big-o
formulas,formula
asymptotic-complexity,complexity-theory
font-weight,css
date-manipulation,manipulation
pdb-python,pdb
swift-generics,generics
cljx,clojure
sql-server-express-2012,sql-server-2012-express
yield-keyword,yield
column-store-index,columnstore
sails,sails.js
dir,directory
swift1.2,swift
foreign-key-relationship,foreign-keys
java-generics,generics
javascript-library,javascript
deciphering,encryption
c++17,c++1z
reactjs-flux,flux
percent-encoding,urlencode
uriencoding,urlencode
nw.js,node-webkit
angular-directive,angularjs-directive
dialects,dialect
jquery-core,jquery
angularjs-ui-router,angular-ui-router
shellscript,shell
tableviewcell,uitableview
nim,nimrod
jquery-live,jquery
asn1,asn.1
geopositioning,geolocation
iads,iad
oracle-commerce,atg
qliksense,qlikview
qlikview.next,qlikview
habtm,has-and-belongs-to-many
apiary,apiary.io
realm.io,realm
infix,infix-notation
azure-app-service,azure-web-sites
react,reactjs
custom-routes,routes
routing,routes
document.ready,document-ready
claims,claims-based-identity
xml-file,xml
microsoft-web-deploy,webdeploy
uidynamics,uikit-dynamics
object-lifetime,lifetime
servicereference,service-reference
php-fpm,php
quartus,quartus-ii
mlint,matlab
js-amd,amd
apache-jena,jena
jcodemodel,sun-codemodel
jquery-blockui,blockui
javascript-runtime,javascript
concurrency-violation,concurrency
lazy-initialization,lazy-loading
idea-plugin,intellij-plugin
declarations,declaration
codeigniter-url,codeigniter
codeigniter-routing,codeigniter
codeigniter-form-helper,codeigniter
matcaffe,caffe
codeigniter-validation,codeigniter
.net-async-await,async-await
fixture,fixtures
jscript.net,jscript
angularjs-2,angular2
angularjs-2.0,angular2
chartjs,chart.js
odoo-8,openerp-8
google-api-oauth,google-oauth
hashes,hash
optimizer,optimization
prng,random
duplicate-removal,duplicates
duplicate-data,duplicates
duplication,duplicates
deduplication,duplicates
no-duplicates,duplicates
duplicate-content,duplicates
duplicate-detection,duplicates
ignore-duplicates,duplicates
lpsolveapi,lpsolve
maximization,maximize
timezoneoffset,timezone
redirecting,redirect
angularjs-promise,angular-promise
swift2.0,swift2
google-pagespeed,pagespeed
entity-framework-6.1,entity-framework-6
entity-framework-4.3.1,entity-framework-4.3
entity-framework-4.2,entity-framework-4.1
laravel-5.1,laravel-5
fedex-api,fedex
fedex-shipping,fedex
mining,data-mining
androiddesignsupport,android-design-library
angles,angle
dockerfile,docker
lxc-docker,docker
docker-swarm,docker
fig,docker
dockerhub,docker
uniform-initialization,list-initialization
xubuntu,ubuntu
kubuntu,ubuntu
lubuntu,ubuntu
c3,c3.js
libgmp,gmp
cancancan,cancan
env,environment-variables
paperclip-validation,paperclip
active-record-query,activerecord
activerecord-relation,activerecord
clicked,click
javascript-async-await,ecmascript-async-await
google-realtime-api,google-drive-realtime-api
alt-attribute,alt
efi,uefi
es7,ecmascript-7
ionic,ionic-framework
dialogbox,dialog
plunkr,plunker
substitute,substitution
codeigniter-activerecord,codeigniter
codeigniter-pagination,codeigniter
scraper,web-scraping
webpagescraping,web-scraping
cocoon,apache-coccoon
firebasesimplelogin,firebase-authentication
visual-studio-code,vscode
privatekey,private-key
vcalendar,icalendar
az-application-insights,ms-application-insights
semver,semantic-versioning
spring-rabbitmq,spring-amqp
vs2015,visual-studio-2015
jump-lists,jump-list
python-c-extension,python-c-api
muc,multiuserchat
groupchat,multiuserchat
sqlce,sql-server-ce
kafka,apache-kafka
pycaffe,caffe
gcm,google-cloud-messaging
android-gcm,google-cloud-messaging
tika,apache-tika
sql-server-express-2008,sql-server-2008-express
edge-browser,microsoft-edge
multi-column,multiple-columns
computed-columns,calculated-columns
symbol,symbols
pdfviewer,pdf-viewer
m-file,matlab
spark-sql,apache-spark-sql
aurelia-binding,aurelia
aurelia-navigation,aurelia
aurelia-router,aurelia
aurelia-validation,aurelia
aurelia-event-aggregator,aurelia
aurelia-templating-router,aurelia
aurelia-cli,aurelia
lmer,lme4
angular-http,angularjs-http
interpolate,interpolation
css-menu,css
data-validation,validation
pkcs7,pkcs#7
material-theme,material-design
webdriverjs,selenium-webdriver
vfp,visual-foxpro
android-recyclerview,recyclerview
aspnet-identity,asp.net-identity
angularjs-ng-class,ng-class
angular-ng-class,ng-class
fcgi,fastcgi
meanio,mean.io
date-calculation,date-arithmetic
itest,recharge
waterline.js,waterline
controlleras,angularjs-controlleras
genetic,genetic-algorithm
angularjs-ng-options,ng-options
worklight,ibm-mobilefirst
ptr,pointers
aws-ec2,amazon-ec2
aws-command-line,aws-cli
tsv,csv
angularjs-resource,ngresource
flash-player,flash
flash-ide,flash
android-m,android-6.0-marshmallow
android-marshmallow,android-6.0-marshmallow
android-listview,listview
wp-query,wordpress
python-extensions,python-c-api
minidump,crash-dumps
css-reset,css
wordpress-theme-customize,wordpress
google-wallet,android-pay
wpfstyle,wpf-style
reactjs-native,react-native
bits,bit
ane,air
video-camera,ip-camera
universal-reference,forwarding-reference
aarch64,arm64
swift-array,arrays
android-toolbar,android-actionbar-compat
fab,floating-action-button
singleton-methods,singleton
application-singleton,singleton
acf,advanced-custom-fields
epd-python,canopy
overriding,override
google-guava-cache,guava
autoboxing,boxing
unboxing,boxing
little-endian,endianness
big-endian,endianness
undefined-symbol,undefined-reference
byte-order,endianness
c#-6,c#-6.0
multipart-form,multipartform-data
pretty-urls,friendly-url
entity-framework-mapping,entity-framework
basemap,matplotlib-basemap
flink,apache-flink
direct3d11,directx-11
spark-dataframe,apache-spark-sql
mllib,apache-spark-mllib
gst,gstreamer
fstat,stat
corona-storyboard,corona
h2db,h2
fms,flash-media-server
cocoa-touch-framework,cocoa-touch
jinja,jinja2
cljc,clojure
concurrent-programming,concurrency
multicastsocket,multicast
object-pascal,delphi
wer,windows-error-reporting
make,makefile
vanity-url,friendly-url
storm,apache-storm
ca-ac,rally
agile-central,rally
oracle-service-cloud,rightnow-crm
here-maps,here-api
uhd,usrp
apple-tvos,tvos
jointable,join
xamarin-forms,xamarin.forms
function-overloading,overloading
bezier-curve,bezier
google-recaptcha,recaptcha
ui.router,angular-ui-router
ecmascript-2015,ecmascript-6
knppaginatorbundle,knppaginator
gh-pages,github-pages
play-json,playframework-json
locals,local-variables
vanilla-javascript,javascript
javascript-module,javascript
elastic,elasticsearch
sky,flutter
meteor.js,meteor
kernel-extension,kext
openshift-origin,openshift
openshift-enterprise,openshift
wallet,passbook
camel,apache-camel
string-split,split
shapedrawable,android-shapedrawable
android-avd,avd
f#-make,f#-fake
ia-32,x86
non-ascii-chars,non-ascii-characters
accented-strings,non-ascii-characters
svgz,svg
repeating,repeat
swift2.1,swift2
es2015,ecmascript-6
genymotion-call,genymotion
u-law,mu-law
jdk9,java-9
function-template,function-templates
laravel-paginate,laravel-pagination
jasperprint,jasper-reports
dialogue,dialog
android-6.0.1,android-6.0-marshmallow
laravel-blade,blade
truetype,true-type-fonts
case-expression,case
case-statement,case
phtml,php
multipart,multipartform-data
select2,jquery-select2
jrxml,jasper-reports
mathdotnet,mathnet
text-analysis,nlp
globbing,glob
wordpress-plugin,wordpress
crontab,cron
wpdb,wordpress
angular-services,angularjs-service
universal-time,utc
custom-tag,custom-tags
customtags,custom-tags
angularjs-ng-show,ng-show
def,function
asp.net-5,asp.net-core
asp.net-mvc-6,asp.net-core-mvc
entity-framework-7,entity-framework-core
asp.net-vnext,asp.net-core
pyspark-sql,apache-spark-sql
geocoding,geospatial
liquid-layout,fluid-layout
firefox-developer-tools,firebug
komodo-ide,komodo
yahoo-pipes,yql
ecmascript-4,actionscript-3
microsoft-reporting,reporting-services
java-persistence-api,jpa
invalidation,invalidate
android-framework,android
azure-ml,azure-machine-learning
shade,maven-shade-plugin
testdrivendesign,tdd
recyclerview-layout,recyclerview
appc-ti,appcelerator-titanium
titanium-android,appcelerator-titanium
titanium-proxy,appcelerator-titanium
fscanf,scanf
sscanf,scanf
db2i,db2400
appc-studio,appcelerator-studio
appc-alloy,appcelerator-alloy
vs-unit-testing-framework,mstest
saml2,saml-2.0
css-grids,css-frameworks
icon-fonts,fonts
eager,eager-loading
owl2,owl-carousel-2
moss,sharepoint
xrm,dynamics-crm
pdi,kettle
pad,padding
lwrp,chef
rrd,rrdtool
mvc5,asp.net-mvc-5
.cs-file,c#
menuitem,menu
submenu,menu
time-format,date-format
http-headers,http
soap,web-services
odata,web-services
c,c-minus-minus
atscript,typescript
uiresponder,resignfirstresponder
shinyapps,shiny
c#-nameof,nameof
reviews,review
azure-mobile-app,azure-mobile-services
bootstrap-framework,twitter-bootstrap
d3js,d3.js
es6-harmony,ecmascript-6
httpservice,web-services
firebase-android,firebase
titanium-modules,appcelerator-titanium
slimframework,slim
negative-margin,margin
uitableviewcelll,uitableview
simplexml-load-string,simplexml
crashlytics-android,crashlytics
graphael,raphael
phonegap-plugins,cordova-plugins
source-to-source,transpiler
dom-events,javascript-events
realmswift,realm
azure-arm,azure-resource-manager
project-oxford,microsoft-cognitive
textureview,android-textureview
mediarecorder,android-mediarecorder
android-realm,realm
realm-cocoa,realm
php-mysqlidb,mysqli
excel-indirect,excel-formula
excel-match,excel-formula
packages,package
data.frame,dataframe
mvc-core,asp.net-core-mvc
intellij-2016.1,intellij-idea
python-xray,python-xarray
spring-junit,spring-test
vertx.io,vert.x
vertx,vert.x
vertx3,vert.x
onedefinitionrule,one-definition-rule
odr,one-definition-rule
visual-studio-online,vs-team-services
inline-if,conditional-operator
ble,bluetooth-lowenergy
unity,unity3d
swift2.2,swift2
ansible-playbook,ansible
fabric-twitter,twitter-fabric
gulp.watch,gulp-watch
qt-connection,signals-slots
unix-socket,unix-domain-sockets
swift2.2.1,swift2
amazonapi,amazon-api
eventsource,server-sent-events
unity3d-5,unity5
sorted,sorting
uwp,win-universal-app
ibm-was-oc,websphere
google-analytics-filters,google-analytics
xelement,linq-to-xml
swift3.0,swift3
jupyter-notebook,ipython-notebook
date-sorting,sorting
tcp-ip,tcp
restful-architecture,rest
ecommerce,e-commerce
random-sample,random
thrift-protocol,thrift
corenlp,stanford-nlp
google-protobuf,protocol-buffers
agile-project-management,agile
agile-processes,agile
signing,digital-signature
deeplink,deep-linking
ibm-watson,ibm-watson-cognitive
bluemix,ibm-bluemix
mobilefirst,ibm-mobilefirst
cortana-analytics,cortana-intelligence
cloudformation,amazon-cloudformation
managed-vm,google-managed-vm
html-manipulation,dom-manipulation
windows-phone-10,windows-10-mobile
google-sheets-api,google-spreadsheet-api
gundb,gun
sqlexpress,sql-server-express
static-array,arrays
mysqldump,mysql
itextsharp,itext
wicket-6,wicket-1.6
typedarray,typed-arrays
ida-pro,ida
azure-sql-database,sql-azure
url-redirection,redirect
lexer,lexical-analysis
d3v4,d3.js
jquery-draggable,jquery-ui-draggable
jquery-droppable,jquery-ui-droppable
jquery-autocomplete,jquery-ui-autocomplete
jquery-tabs,jquery-ui-tabs
select-menu,jquery-ui-selectmenu
jquery-slider,jquery-ui-slider
jquery-spinner,jquery-ui-spinner
jquery-tooltip,jquery-ui-tooltip
latin1,iso-8859-1
utf8-decode,utf-8
jquery-dialog,jquery-ui-dialog
jquery-resizable,jquery-ui-resizable
protoc,protocol-buffers
sql-copy,postgresql-copy
jquery-widget-factory,jquery-ui-widget-factory
selectable,jquery-ui-selectable
jquery-ui-menubar,jquery-ui-menu
jquery-accordion,jquery-ui-accordion
query-plans,sql-execution-plan
explain-plan,sql-execution-plan
query-execution-plans,sql-execution-plan
query-plan,sql-execution-plan
execution-plan,sql-execution-plan
findall-prolog,prolog-findall
4th-dimension,4d-database
4d,4d-database
alexa-skill,alexa-skills-kit
realm-net,realm
hashtable,hashmap
javax.ws.rs,jax-rs
oraclejdk,java
apache-hive,hive
dragon-naturallyspeaking,naturallyspeaking
userdefaults,nsuserdefaults
jdt,eclipse-jdt
bytearray,arrays
pixi,pixi.js
sourcetree,atlassian-sourcetree
jsonobject,json
laravel-5.2,laravel-5
laravel-5.3,laravel-5
windows-bash,wsl
ubuntu-on-windows,wsl
dotnetcore,.net-core
kitchen,test-kitchen
microsoft.codeanalysis,roslyn
frontcontroller,front-controller
gang-of-four,design-patterns
push-api,web-push
processingjs,processing.js
data-access-object,dao
json-web-token,jwt
gawk,awk
language-integrated-query,linq
ultrawingrid,ultragrid
spring-web,spring-mvc
table-valued-function,user-defined-functions
table-value-function,user-defined-functions
table-value-functions,user-defined-functions
ddk,winddk
google-maps-api-v3,google-maps-api-3
colour,colors
colours,colors
oo,oop
object-orientation,oop
ood,oop
rng,random
gems,rubygems
datatype,types
links,hyperlink
networks,networking
rx.net,system.reactive
azuread,azure-active-directory
feign,netflix-feign
fsharp.data.typeproviders,f#-data
ecs,amazon-ecs
unparseable,parseexception
sede,dataexplorer
main-activity,android-activity
swift2.3,swift2
google-analytics-android,google-analytics-sdk
revolution-r,microsoft-r
yahoo-api,yql
calc,css-calc
julia-macros,macros
lisp-macros,macros
scala-macros,macros
fps,frame-rate
phaser.io,phaser-framework
oauth2,oauth-2.0
cookbook,chef
directive,angularjs-directive
compiler-design,compiler-construction
polymer-1.x,polymer-1.0
vuejs,vue.js
dcos,mesosphere
google-consumer-surveys,google-surveys
react-jsx,reactjs
py2to3,python-2to3
2to3,python-2to3
template-strings,template-literals
ios2,iphone-sdk-2
qstylesheet,qss
splines,spline
bspline,spline
cubic-spline,spline
foxpro,visual-foxpro
integral,numerical-integration
multiple-regression,linear-regression
dotnet-core,.net-core
mongodb-aggregation,aggregation-framework
dynamic-css,css
pkcs12,pkcs#12
aws-rds,amazon-rds
python-3.5.2,python-3.5
css-borders,css
jenkins-workflow,jenkins-pipeline
jenkinsfile,jenkins-pipeline
javaassist,javassist
memorystream,stream
highstock,highcharts
highmaps,highcharts
swift3.0.1,swift3
web-control,web-controls
principal-components,pca
d3.js-v4,d3.js
skus,sku
xcode8.1,xcode8
params,parameters
param,parameters
wildcard-expansion,glob
gorilla-toolkit,gorilla
asp.net-core-1.1,asp.net-core-1.0
trait,traits
jade,pug
curvesmoothing,smoothing
princomp,pca
smooth,smoothing
loess,spline
polynomial-math,polynomials
insert-into,sql-insert
swift3.0.2,swift3
cocos2d-x-3.x,cocos2d-x-3.0
system.js,systemjs
xcode8-beta2,xcode8
xcode8-beta3,xcode8
xcode8-beta4,xcode8
xcode8-beta5,xcode8
xcode8-beta6,xcode8
xcode8.2,xcode8
htl,sightly
codeigniter-hmvc,codeigniter
sql-update,sql
vsts2008,visual-studio-2008
vs-2015-preview,visual-studio-2015
mqseries,ibm-mq
websphere-mq,ibm-mq
exponents,exponent
libreadline,readline
vs2013-update-4,visual-studio-2013
vs-2013-update-2,visual-studio-2013
vs2010-express,visual-studio-2010
vsts2010,visual-studio-2010
tfs-vnext,vsts-build
aws-iam,amazon-iam
zf3,zend-framework3
addclass,jquery
zookeeper,apache-zookeeper
php-include,php
aws-java-sdk,aws-sdk
templates-deduction,template-deduction
laravel-eloquent,eloquent
chrome-web-driver,selenium-chromedriver
ant-design,antd
keystone.js,keystonejs
ia64,itanium
vso-build,vsts-build
visual-studio-2010-sp1,visual-studio-2010
visual-studio-2010-rc,visual-studio-2010
visual-studio-2010-beta-1,visual-studio-2010
visual-studio-2010-beta-2,visual-studio-2010
mtm,microsoft-test-manager
geojason,geojson
android-proguard,proguard
mongocsharpdriver,mongodb-csharp
viml,vim
botbuilder,botframework
botconnector,botframework
gmaven,gmaven-plugin
mtproto,telegram
pugjs,pug
access,ms-access
dsx,data-science-experience
zul,zk
qwebkit,qtwebkit
validating,validation
customizing,customization
collisions,collision
interact-js,interact.js
cloudwatch,amazon-cloudwatch
cells,cell
vectordrawable,android-vectordrawable
command-prompt,cmd
select-query,select
windows-applications,windows
recursive-call,recursion
force.com,salesforce
cmake-gui,cmake
contactscontract,android-contacts
edge,edge-detection
youtube-v3-api,youtube-api-v3
vue2,vuejs2
css-font-weight,css
surefire,maven-surefire-plugin
html-dataset,custom-data-attribute
toggleclass,jquery
removeclass,jquery
osk,virtual-keyboard
on-screen-keyboard,virtual-keyboard
android-virtual-keyboard,virtual-keyboard
adobe-indesign,indesign
.bash-profile,bash
bash-function,bash
watir-webdriver,watir
symfony3,symfony
blogspot,blogger
pillow,python-imaging-library
cythonize,cython
google-spanner,google-cloud-spanner
icpc,icc
intel-c++,icc
composite-c1,c1-cms
udf,user-defined-functions
vpc,amazon-vpc
key-events,keyevent
strongloop,loopbackjs
python-coverage,coverage.py
custom-font,fonts
messagepack,msgpack
visual-studio-community,visual-studio
visual-studio-2015-comm,visual-studio-2015
visual-studio-2015-ce,visual-studio-2015
angular4,angular2
angular2-docheck,angular2
rro,microsoft-r
android-binder,binder
uikeyboard,keyboard
jquery-after,jquery
elastic-load-balancer,amazon-elb
plt,matplotlib
database-trigger,triggers
ipp,intel-ipp
filenet-cpe,filenet-content-engine
bulletphysics,bullet
http-request,httprequest
dotnetnuke-module,dotnetnuke
dotnetnuke-settings,dotnetnuke
sign,digital-signature
adb-shell,adb
fcm,firebase-cloud-messaging
transactional,transactions
skimage,scikit-image
css-content,css
svg-path,svg
espresso,android-espresso
exponentjs,expo
tabpanel,tabs
angular1.6,angularjs-1.6
jquery-callback,jquery
jquery-ui,jquery
jquery-get,jquery
jquery-post,jquery
neo5j,neo4j
